{"_wandb":{"runtime":23},"epoch":0,"_timestamp":1.747806606438226e+09,"_runtime":22.186235817,"_step":6,"train_loss":0.0480070598423481}