{"_wandb":{"runtime":48},"_timestamp":1.7478065201298249e+09,"_runtime":46.859108826,"_step":19,"train_loss":0.0039500766433775425,"epoch":0}