{"epoch":0,"_timestamp":1.747821974109514e+09,"_runtime":15.007870704,"_step":0,"_wandb":{"runtime":15},"train_loss":0.30871814489364624}