{"epoch":0,"_wandb":{"runtime":26},"_timestamp":1.747819466213293e+09,"_runtime":22.647679361,"_step":2,"train_loss":0.068895123898983}